solver_id,split_method,n_phases,pref_first,pref_last,ll_pref_first,ll_pref_last,family_changed,ll_family_changed,shape_shift,scale_shift,norm_ks_stat,norm_ks_p,norm_ks_reject,shift_detected,exg_fit_ok_count,mean_first,mean_last,mean_delta,mean_rel_change,std_first,std_last,std_delta,std_rel_change,var_first,var_last,var_delta,var_rel_change,cv_first,cv_last,cv_delta,cv_rel_change,skewness_first,skewness_last,skewness_delta,skewness_rel_change,excess_kurtosis_first,excess_kurtosis_last,excess_kurtosis_delta,excess_kurtosis_rel_change,iqr_first,iqr_last,iqr_delta,iqr_rel_change,p90_p10_ratio_first,p90_p10_ratio_last,p90_p10_ratio_delta,p90_p10_ratio_rel_change,tail_weight_upper_first,tail_weight_upper_last,tail_weight_upper_delta,tail_weight_upper_rel_change
2017GARR05,quintile,5,exgaussian,exgaussian,exgaussian,exgaussian,False,False,True,True,0.025723347915070274,0.9486172336223039,False,True,5,8.806284987277353,6.132172808132148,-2.6741121791452054,-30.365950943088464,2.1159943987990264,1.2178729342974444,-0.898121464501582,-42.444415968743975,4.477432295748853,1.4832144840942671,-2.994217811654586,-66.87354746821028,0.24028229859197758,0.19860381832070498,-0.041678480271272605,-17.3456307499566,2.742751913146177,1.8325457726695773,-0.9102061404765998,-33.185872047483635,21.72754122339982,6.595943655725135,-15.131597567674687,-69.6424754743002,2.3225,1.2250000000000005,-1.0974999999999993,-47.255113024757776,1.7034023668639056,1.5580065359477122,-0.14539583091619335,-8.535612826690985,1.703982777179763,2.1069387755102014,0.40295599833043827,23.64789150025124
2013WALL03,quintile,5,exgaussian,exgaussian,exgaussian,exgaussian,False,False,True,True,0.06434774855827488,0.10456820785808524,False,True,5,10.93431623931624,8.179032716927454,-2.755283522388787,-25.198498580841154,2.5630223615793124,1.5971940951432786,-0.9658282664360338,-37.68317752174814,6.569083625955596,2.5510289775605566,-4.018054648395039,-61.166136362140435,0.2344017042751625,0.19527909355805617,-0.03912261071710632,-16.690412229759456,1.4236535122470713,2.750926335243125,1.3272728229960538,93.23004590499751,3.421589369241559,16.167037296819032,12.745447927577473,372.5008045136249,3.1875000000000018,1.6549999999999985,-1.5325000000000033,-48.0784313725491,1.7372289156626506,1.481592337623466,-0.2556365780391845,-14.715192438624255,1.5756862745098028,1.727492447129911,0.1518061726201081,9.634289203117866
2009LIUE01,quintile,5,exgaussian,exgaussian,exgaussian,exgaussian,False,False,True,True,0.12384756470348482,3.514006964708436e-05,True,True,5,13.513885714285715,9.092325249643366,-4.421560464642349,-32.718646273353166,4.509139824974273,1.4794296728532546,-3.0297101521210186,-67.19042366663146,20.332341961169018,2.1887121569186876,-18.14362980425033,-89.23531700824864,0.3336671569012604,0.16271191716456504,-0.17095523973669538,-51.235261307808265,3.598113577756899,0.8926037174227632,-2.7055098603341357,-75.19245298589986,19.219311329330907,2.473019401403363,-16.746291927927544,-87.13263259527282,3.540000000000001,1.7899999999999991,-1.7500000000000018,-49.43502824858761,1.7514692698475942,1.4642375168690958,-0.28723175297849846,-16.39947431127308,2.226129943502819,1.5810055865921795,-0.6451243569106393,-28.97963610765395
2012MAHV01,quintile,5,exgaussian,exgaussian,exgaussian,exgaussian,False,False,True,True,0.16105363547778492,2.2782069058775504e-08,True,True,5,11.255821325648414,8.224273381294966,-3.0315479443534485,-26.933156245520006,4.286089396112002,1.326607995007276,-2.9594814011047266,-69.04852250140493,18.37056231146375,1.7598887724172247,-16.610673539046527,-90.42006040653963,0.3807886845489788,0.16130397586545123,-0.21948470868352757,-57.6395039005673,3.487359329694863,1.2755705112777949,-2.211788818417068,-63.42302611559661,17.244190004415227,3.6019576483990914,-13.642232356016136,-79.11205079811322,2.8674999999999997,1.58,-1.2874999999999996,-44.89973844812554,1.852173913043479,1.4674677608440798,-0.3847061521993991,-20.770519954427645,3.4003487358326074,1.6917721518987348,-1.7085765839338727,-50.24709865576513
2014ZAKR01,quintile,5,exgaussian,exgaussian,exgaussian,exgaussian,False,False,True,True,0.06327160493827161,0.1494002372653175,False,True,5,10.835401234567902,9.019074074074075,-1.8163271604938274,-16.76289711080791,2.3209682250781194,1.5185275368364306,-0.8024406882416888,-34.57353183776052,5.386893501822276,2.305925880130517,-3.0809676216917588,-57.19377263815463,0.21420233315159518,0.1683684516131804,-0.04583388153841478,-21.39747072968493,2.085409737620732,1.7190698180475532,-0.3663399195731787,-17.56680775793922,8.08764161040243,6.881687213499713,-1.205954396902717,-14.9110761207767,2.5624999999999982,1.5500000000000007,-1.0124999999999975,-39.51219512195115,1.5477456647398846,1.4320822759449716,-0.115663388794913,-7.47302295395875,1.7471219512195122,1.682580645161291,-0.06454130605822117,-3.6941500284608386
2012PARK03,quintile,5,exgaussian,exgaussian,exgaussian,exgaussian,False,False,True,True,0.13446054750402575,2.1578621058534765e-05,True,True,5,9.05328502415459,5.709983922829582,-3.3433011013250082,-36.92914883829376,3.284008147643896,0.7215829573336509,-2.562425190310245,-78.02737006449424,10.784709513791492,0.5206819643143774,-10.264027549477115,-95.17203533717317,0.36274215810968147,0.12637215219619577,-0.2363700059134857,-65.1619892061223,3.161248208671689,1.423069363282064,-1.738178845389625,-54.983940856703015,18.776138692153605,6.3178456562031435,-12.458293035950462,-66.35173099332016,3.000000000000001,0.8500000000000005,-2.1500000000000004,-71.66666666666666,2.0875,1.3403651115618662,-0.7471348884381337,-35.790892859311796,2.303333333333333,1.4158823529411735,-0.8874509803921593,-38.52898612411691
2015KUCA01,quintile,5,exgaussian,exgaussian,exgaussian,exgaussian,False,False,True,True,0.03618421052631579,0.8213665992195773,False,True,5,11.322319078947368,7.78532894736842,-3.536990131578948,-31.239096044869463,3.0461113650469205,1.3465613869095827,-1.6995499781373378,-55.79408545725178,9.278794448268012,1.813227568715859,-7.465566879552154,-80.45837119439241,0.26903599375774845,0.1729613990639078,-0.09607459469384064,-35.71068441509367,1.7415574992295806,1.1894534024566372,-0.5521040967729434,-31.701743813636917,6.079920865640407,2.9539376397740664,-3.1259832258663405,-51.41486698506685,3.4000000000000004,1.602500000000001,-1.7974999999999994,-52.86764705882351,1.866576653983062,1.513187162376868,-0.35338949160619393,-18.93249285273664,1.764705882352941,1.6533541341653655,-0.11135174818757543,-6.309932397295942
2014SEBA01,quintile,5,exgaussian,exgaussian,exgaussian,exgaussian,False,False,True,True,0.1027385944122875,0.0033591472658775043,True,True,5,10.438277027027027,6.819055649241147,-3.6192213777858804,-34.67259365137473,2.992574974660407,1.0076523685698444,-1.9849226060905625,-66.32824984830359,8.955504978963734,1.0153632958844176,-7.940141683079316,-88.66213241721732,0.286692427008017,0.14777007556493255,-0.13892235144308446,-48.456930967067244,5.1120826262041374,1.1344601231090325,-3.977622503095105,-77.80825925438141,40.16644945165451,1.9435479570581604,-38.22290149459635,-95.16126522610003,2.227500000000001,1.04,-1.1875000000000009,-53.31088664421999,1.5853089301068664,1.4212543554006971,-0.16405457470616924,-10.348429355981125,1.9627384960718206,2.2653846153846153,0.3026461193127947,15.419584418326929
2013BURL01,quintile,5,exgaussian,exgaussian,exgaussian,exgaussian,False,False,True,True,0.24027996176733574,5.6637913068793375e-15,True,True,5,11.825026362038663,7.8674561403508765,-3.957570221687787,-33.46774967362941,6.713565784013414,1.5125842429754301,-5.200981541037984,-77.46973379515771,45.07196553627565,2.287911092097555,-42.784054444178096,-94.92387104738941,0.5677421409871579,0.19225836356654558,-0.37548377742061234,-66.13632322021093,8.919574971426405,1.7471369276033057,-7.1724380438230995,-80.41232981167592,123.37285280197484,5.436458645310374,-117.93639415666448,-95.59347253318653,3.0999999999999996,1.6799999999999988,-1.4200000000000008,-45.80645161290326,1.8193916349809882,1.5384976525821596,-0.28089398239882857,-15.438896002276264,3.0864516129032267,1.8223214285714286,-1.264130184331798,-40.95739518633542
2010WEYE02,quintile,5,exgaussian,exgaussian,exgaussian,exgaussian,False,False,True,True,0.1175292495715031,0.000651899890239467,True,True,5,10.083809523809524,6.957447183098592,-3.1263623407109327,-31.00378218498753,2.9430010318033113,0.8484562165192001,-2.0945448152841113,-71.17037312082381,8.661255073195354,0.7198779513500758,-7.941377121845279,-91.68852614007483,0.29185408796689427,0.12194935788809379,-0.16990473007880047,-58.21564167984968,2.604803885583529,0.9337732338312968,-1.6710306517522322,-64.15187957145906,10.140925731365552,2.5258520498035573,-7.615073681561995,-75.09249040261503,2.4700000000000006,1.0249999999999995,-1.4450000000000012,-58.50202429149801,1.7381389252948887,1.3282861896838605,-0.4098527356110282,-23.57997566514964,2.719433198380566,1.4712195121951228,-1.2482136861854434,-45.89977378112321
2010HULL01,quintile,5,exgaussian,exgaussian,exgaussian,exgaussian,False,False,True,True,0.0801724505911982,0.022190523620676045,True,True,5,10.850248538011696,9.018233576642336,-1.8320149613693602,-16.88454374986212,2.529472614940576,1.3604520461683287,-1.1690205687722472,-46.215980432731854,6.398231709734315,1.8508297699235925,-4.547401939810722,-71.07279239187716,0.2331257764353572,0.15085571188707794,-0.08227006454827926,-35.28999058201172,2.972821760252224,1.6575913496059986,-1.3152304106462254,-44.24181860585671,12.840076848852714,5.506533963623969,-7.333542885228745,-57.114478141803424,2.1274999999999995,1.450000000000001,-0.6774999999999984,-31.844888366627433,1.5002846407833315,1.3974325386429136,-0.10285210214041784,-6.855505904980571,1.9102232667450063,1.768275862068963,-0.1419474046760434,-7.430932663589622
2008BARA01,quintile,5,exgaussian,exgaussian,exgaussian,exgaussian,False,False,True,True,0.06377149195784804,0.16629739969501958,False,True,5,13.370016666666666,10.046405990016638,-3.323610676650029,-24.858687610586593,2.5585503968610204,1.4472203454314505,-1.1113300514295699,-43.43592578020017,6.5461801332776846,2.094446728230727,-4.451733405046958,-68.00505507656976,0.19136478739326082,0.14405353983002372,-0.0473112475632371,-24.723068547616837,1.0641813316047102,2.45245088283938,1.3882695512346699,130.45422899321656,2.165057112847781,16.045378274671066,13.880321161823286,641.1064668666397,3.1374999999999993,1.450000000000001,-1.6874999999999982,-53.78486055776888,1.607085346215781,1.3465577596266043,-0.26052758658917674,-16.211185498184243,1.6290039840637445,1.7793103448275849,0.1503063607638404,9.226887241176861
2010THOM03,quintile,5,exgaussian,exgaussian,exgaussian,exgaussian,False,False,True,True,0.09812228286004995,0.007328016783265405,True,True,5,11.60456942003515,9.034298245614035,-2.570271174421114,-22.148785374005964,3.4452432812124134,1.4844249206302518,-1.9608183605821616,-56.913785196966735,11.869701266739277,2.2035173449881293,-9.666183921751148,-81.43578093946878,0.29688678282748193,0.16430993091808865,-0.13257685190939328,-44.65569354309465,3.723391134336202,1.0042466477971983,-2.7191444865390038,-73.0287092716024,29.638004341431923,1.8648781158650358,-27.773126225566887,-93.70781482321985,3.1500000000000004,1.7925000000000004,-1.3575,-43.09523809523809,1.7536298686333258,1.4775077212300256,-0.2761221474033002,-15.745748424009982,1.9904761904761907,1.6666666666666647,-0.323809523809526,-16.267942583732165
2016KELL12,quintile,5,exgaussian,exgaussian,exgaussian,exgaussian,False,False,True,True,0.08789150160991316,0.024329921724851555,True,True,5,12.624151624548738,8.881081081081081,-3.743070543467656,-29.650075940065047,4.030402510481832,1.685696115060766,-2.344706395421066,-58.17548965204365,16.244144396498257,2.84157139233096,-13.402573004167298,-82.50710334153693,0.3192612565460931,0.18980753577981846,-0.12945372076627465,-40.54789552818316,3.695288652683261,2.6344468969758834,-1.0608417557073775,-28.707953705783396,24.101526394997812,19.038053816587084,-5.063472578410728,-21.00892904219392,3.405000000000001,1.8499999999999996,-1.5550000000000015,-45.6681350954479,1.7567130378518279,1.5208333333333333,-0.2358797045184946,-13.427332719459795,2.1161527165932448,1.6394594594594605,-0.4766932571337843,-22.526410943592197
2014PETE03,quintile,5,exgaussian,exgaussian,exgaussian,exgaussian,False,False,True,True,0.08263245194653136,0.04055855686814079,True,True,5,13.341823104693141,10.112774774774776,-3.229048329918365,-24.20245197811467,3.3800591867722747,1.6932401846248049,-1.6868190021474698,-49.905013756823195,11.424800106083651,2.867062322828243,-8.557737783255408,-74.90492353295927,0.25334312711606105,0.16743576538937757,-0.08590736172668348,-33.90948975194728,5.1025972259839,1.2238750285856481,-3.878722197398252,-76.01466519141815,53.550247244669166,2.463149696131608,-51.08709754853756,-95.40030191666983,2.959999999999999,1.9100000000000001,-1.049999999999999,-35.47297297297295,1.5590127724959184,1.4779078098877478,-0.08110496260817057,-5.202328296408034,1.8611486486486493,1.8633507853403135,0.002202136691664247,0.11832137606328134
2011WELC01,quintile,5,exgaussian,exgaussian,exgaussian,exgaussian,False,False,True,True,0.14108636317195278,4.847663584860642e-05,True,True,5,13.90173996175908,10.4993893129771,-3.4023506487819812,-24.474279177578996,4.440430305300968,1.5719527896253753,-2.8684775156755924,-64.59908879216539,19.717421296235244,2.4710355728109996,-17.246385723424243,-87.46775485655009,0.31941543414822227,0.14971849721606795,-0.16969693693215432,-53.12734413873306,8.138064114269524,1.2907297372033422,-6.847334377066181,-84.13959734059924,114.21549596992266,4.468952424291465,-109.7465435456312,-96.08726260273097,3.084999999999999,1.9049999999999994,-1.1799999999999997,-38.249594813614266,1.6285020545386628,1.4051065769976063,-0.2233954775410565,-13.717850519036773,2.0252836304700144,1.4233595800524916,-0.6019240504175227,-29.72048168274743
2014GOSL01,quintile,5,exgaussian,exgaussian,exgaussian,exgaussian,False,False,True,True,0.051652448820047596,0.5115036157317985,False,True,5,12.819896265560168,11.02977225672878,-1.7901240088313877,-13.963638798236156,2.209935086587362,1.425479663719145,-0.784455422868217,-35.49676312346319,4.883813086929891,2.0319922716768466,-2.851820815253044,-58.39332432449381,0.17238322688493288,0.12923926537554048,-0.0431439615093924,-25.027934729514794,2.0295623437018713,0.9160997951997923,-1.113462548502079,-54.86219982142313,8.021287242983556,1.4374236004840837,-6.583863642499472,-82.0798887143527,2.3525000000000027,1.6750000000000007,-0.677500000000002,-28.799149840595163,1.4215091875757861,1.3646032758987447,-0.0569059116770414,-4.0032039310338625,1.8465462274176376,1.708059701492535,-0.1384865259251027,-7.499759489843568
2011GROG02,quintile,5,exgaussian,exgaussian,exgaussian,exgaussian,False,False,True,True,0.052521008403361345,0.5280122885530404,False,True,5,11.351113445378152,9.620063025210085,-1.7310504201680672,-15.250049508340535,2.095867467622868,1.5360694187364565,-0.5597980488864116,-26.709611057675048,4.392660441839894,2.359509259177355,-2.0331511826625386,-46.28518888682732,0.1846398133282903,0.15967352965475104,-0.024966283673539258,-13.52161444679816,1.4755897372927604,2.6004987518416574,1.124909014548897,76.23453769831366,3.619378012414362,16.91214977461988,13.292771762205518,367.2667435291836,2.3375000000000004,1.5774999999999988,-0.7600000000000016,-32.51336898395728,1.4954177897574128,1.405842137973897,-0.08957565178351579,-5.990008437578289,1.757219251336898,1.662440570522981,-0.09477868081391705,-5.393674166829729
2006HALC01,quintile,5,exgaussian,exgaussian,exgaussian,exgaussian,False,False,True,True,0.08185840707964602,0.09673742132217439,False,True,5,13.22612831858407,10.282212389380529,-2.9439159292035413,-22.258334852740212,2.8335618151002997,1.4873665977264703,-1.3461952173738294,-47.50894122725105,8.029072559994505,2.2122593960324157,-5.81681316396209,-72.44688748915816,0.21423970392899136,0.14465433521511603,-0.06958536871387533,-32.48014604096869,2.7536635521713535,0.9273447212928552,-1.8263188308784983,-66.32323798012239,18.042831861656975,1.7577194353090881,-16.285112426347887,-90.25807340673369,2.7575000000000003,1.9825,-0.7750000000000004,-28.105167724388043,1.5543705960769378,1.4122181988085505,-0.14215239726838735,-9.14533494310588,1.8266545784224837,1.4385876418663297,-0.388066936556154,-21.244680912320725
2005AKKE01,quintile,5,exgaussian,exgaussian,exgaussian,exgaussian,False,False,True,True,0.22823355506282336,7.821861554814701e-11,True,True,5,14.381377777777779,9.519645232815964,-4.861732544961814,-33.80574949136099,5.884860903412395,1.5193634216980119,-4.3654974817143835,-74.18182950055805,34.63158785251176,2.3084652071938905,-32.323122645317866,-93.33422072061745,0.4092000776522073,0.15960294575479422,-0.24959713189741306,-60.99635496881649,5.74878194167468,1.3134572106311337,-4.435324731043546,-77.15242595810635,45.49799352854563,3.7177980391532692,-41.780195489392355,-91.82865495635382,2.977499999999999,1.7950000000000017,-1.1824999999999974,-39.71452560873208,1.665004533091569,1.4531450577663672,-0.21185947532520188,-12.7242581695452,2.975986565911,1.612813370473536,-1.3631731954374642,-45.80575769568952
2009PROV01,quintile,5,exgaussian,exgaussian,exgaussian,exgaussian,False,False,True,True,0.0851063829787234,0.008594586845231055,True,True,5,15.632978723404255,11.480917553191489,-4.152061170212766,-26.559629125552913,4.3938237319631614,1.8523783491644263,-2.5414453827987353,-57.84131403157625,19.305686987562684,3.431305548453125,-15.874381439109559,-82.2264519741583,0.2810611982337783,0.16134410342921576,-0.11971709480456252,-42.5946717500953,2.842001295014122,2.239274505500491,-0.602726789513631,-21.20782951686291,11.156366632171089,11.417704200698376,0.26133756852728673,2.3424971331946,3.559999999999997,1.8849999999999998,-1.6749999999999972,-47.05056179775277,1.6382749772369836,1.4072143452877397,-0.23106063194924387,-14.103898012221178,2.3449438202247204,1.7665782493368702,-0.5783655708878501,-24.664367900823496
2012CANT02,quintile,5,exgaussian,exgaussian,exgaussian,exgaussian,False,False,True,True,0.0706627147420218,0.09645556684690991,False,True,5,13.688030560271647,10.432559322033898,-3.2554712382377495,-23.783342854935462,3.369323120684849,1.4651230184266024,-1.9042001022582464,-56.515805520937946,11.35233829158149,2.1465854591234783,-9.20575283245801,-81.09124830507109,0.2461510518879191,0.14043754492075744,-0.10571350696716167,-42.946599722554346,2.0227478507578853,1.0434500562802225,-0.9792977944776629,-48.41422988588214,6.729847430911374,2.2790065314272976,-4.450840899484076,-66.13583658732857,3.460000000000001,1.7300000000000004,-1.7300000000000004,-50.0,1.7039423805913572,1.382187147688839,-0.3217552329025182,-18.88298786199873,1.9803468208092492,1.7144508670520222,-0.26589595375722697,-13.426736719206145
2010RONK01,quintile,5,exgaussian,exgaussian,exgaussian,exgaussian,False,False,True,True,0.21361374546306053,3.2893263932273125e-12,True,True,5,15.0648801369863,11.118495726495725,-3.946384410490575,-26.195923064808674,7.830108555161175,2.078189031607741,-5.751919523553434,-73.45900102192181,61.31059998560822,4.31886965109472,-56.9917303345135,-92.95575373245651,0.5197591008996619,0.18691278773038975,-0.33284631316927216,-64.03857336853582,13.147967411196243,4.333311055348973,-8.81465635584727,-67.0419699119507,243.57461576862616,47.97122983643772,-195.60338593218844,-80.30532463940904,4.3925,2.210000000000001,-2.182499999999999,-49.68696642003413,1.832207207207207,1.465456930476607,-0.3667502767306001,-20.01685591498297,1.8711439954467846,1.5203619909502262,-0.3507820044965584,-18.746927299563605
2012ICKL01,quintile,5,exgaussian,exgaussian,exgaussian,exgaussian,False,False,True,True,0.07567855424998282,0.08236803977601338,False,True,5,13.008163265306122,10.257962962962962,-2.75020030234316,-21.14211089030669,3.152038250584246,1.3766132780719929,-1.775424972512253,-56.32625086904225,9.935345133146193,1.8950641173641178,-8.040281015782075,-80.92603636846167,0.2423123223699844,0.13419947830210968,-0.10811284406787472,-44.61714658604866,2.798597603674025,1.4216575527563466,-1.3769400509176783,-49.201073034223235,14.612844604460495,6.087970310181305,-8.52487429427919,-58.33822588982447,3.0199999999999996,1.5649999999999995,-1.455,-48.17880794701988,1.5872115760657022,1.3599773242630386,-0.22723425180266354,-14.316569714411989,2.0549668874172173,1.5984025559105426,-0.45656433150667475,-22.217600405255535
2009HILD01,quintile,5,exgaussian,lognormal,exgaussian,lognormal,True,True,True,True,0.08349633341391764,0.04714811745154362,True,True,5,15.134061302681994,11.78697896749522,-3.3470823351867747,-22.116220281158892,3.3323335388122715,1.6095460122212004,-1.722787526591071,-51.69913235051244,11.104446813893116,2.5906383654571687,-8.513808448435947,-76.67026184306685,0.2201876596219238,0.1365528874412877,-0.08363477218063609,-37.98340575681776,1.6564523572376233,0.49151696227594815,-1.1649353949616752,-70.32712953509726,4.423184208959648,0.3128236030748246,-4.110360605884823,-92.92763791204612,3.677500000000002,2.0999999999999996,-1.5775000000000023,-42.89598912304559,1.5893366918555834,1.4094853683148334,-0.17985132354074995,-11.31612479988553,1.9041468388851106,1.4476190476190474,-0.45652779126606324,-23.975450944390563
2011SZAT01,quintile,5,exgaussian,exgaussian,exgaussian,exgaussian,False,False,True,True,0.3016194331983806,3.1384079318933196e-20,True,True,5,14.614493927125505,10.882712550607286,-3.731781376518219,-25.534797134451416,10.18467418639028,2.08993830532028,-8.094735881070001,-79.47957620369387,103.72758828292451,4.367842120045003,-99.35974616287952,-95.78912207219993,0.6968885982077576,0.19204203874737602,-0.5048465594603816,-72.44293575167316,12.268651681018742,3.5417098004272054,-8.726941880591536,-71.13203722372599,196.31578520549846,30.77107445230277,-165.5447107531957,-84.32572580952042,3.0924999999999994,1.9900000000000002,-1.1024999999999991,-35.650767987065464,1.6954894254164323,1.48203125,-0.21345817541643242,-12.589767427420231,3.222958771220694,1.866080402010049,-1.3568783692106452,-42.100394870913235
2010BENT01,quintile,5,exgaussian,exgaussian,exgaussian,exgaussian,False,False,True,True,0.08289740578627094,0.06100448487813115,False,True,5,17.735659229208924,11.615182186234817,-6.120477042974107,-34.509442044839645,4.4971079484374625,1.5336810466807453,-2.9634269017567174,-65.89628124862716,20.223979899899405,2.3521775529477464,-17.871802346951657,-88.3693636732726,0.2535630556675987,0.1320410667770941,-0.12152198889050458,-47.92574713636927,1.77008115695193,0.9519468053032164,-0.8181343516487135,-46.220160495778416,4.579714962502819,2.399858451904489,-2.17985651059833,-47.59808259785312,4.859999999999998,1.8175000000000008,-3.042499999999997,-62.60288065843618,1.7077490774907749,1.373469594252757,-0.3342794832380178,-19.574273975259903,2.0185185185185186,1.6002751031636848,-0.4182434153548338,-20.720315990055983
2013TOKA01,quintile,5,exgaussian,exgaussian,exgaussian,exgaussian,False,False,True,True,0.09183673469387756,0.03202922429597035,True,True,5,12.145346938775509,10.632693877551022,-1.512653061224487,-12.454589143066443,3.074771539893106,1.9146693660663796,-1.1601021738267263,-37.729703126725866,9.454220022536623,3.665958781353032,-5.788261241183591,-61.22410127314306,0.2531645703818078,0.18007377886697667,-0.07309079151483111,-28.870861117967618,3.7834436764085413,1.5007316568921436,-2.2827120195163975,-60.33424083329494,23.47560229811877,4.235890966648771,-19.239711331469998,-81.95619898115152,2.842500000000001,2.2375000000000007,-0.6050000000000004,-21.28408091468778,1.5398479008230022,1.5087597169045135,-0.031088183918488665,-2.0189126407791944,1.576956904133684,1.6339664804469238,0.057009576313239885,3.615163874409024
2007GOUL01,quintile,5,exgaussian,exgaussian,exgaussian,exgaussian,False,False,True,True,0.03139217858055721,0.9621583457839046,False,True,5,15.343037190082645,11.368494845360825,-3.9745423447218204,-25.904534385739904,2.980647322016035,1.6251769142330381,-1.3554704077829969,-45.47570582306231,8.88425845824136,2.64120000255602,-6.243058455685341,-70.27101344506758,0.19426709882073745,0.1429544487937406,-0.05131265002699684,-26.41345361025145,1.0383619583853132,1.2773718177451323,0.2390098593598191,23.01797147224916,1.8398569395129982,5.473769992159861,3.6339130526468626,197.51063110421742,3.757500000000002,1.9700000000000006,-1.7875000000000014,-47.57152361942782,1.5636454100671695,1.388377926421405,-0.1752674836457646,-11.208902128151653,1.6126413838988671,1.4365482233502533,-0.1760931605486138,-10.919548655192953
2005REYN01,quintile,5,exgaussian,lognormal,exgaussian,exgaussian,True,False,True,True,0.1380233732012388,0.00015886840700456143,True,True,5,17.589399585921324,12.737334710743802,-4.852064875177522,-27.58516486862433,4.580705866595823,1.6785686385984493,-2.9021372279973736,-63.355677323899286,20.982866236265387,2.8175926744862516,-18.165273561779134,-86.57193615609809,0.26042423132295267,0.13178335002711322,-0.12864088129583945,-49.39666352948225,3.334636708576707,0.6864588991097428,-2.648177809466964,-79.41428230115245,19.77027311820356,1.4249430433435109,-18.345330074860048,-92.79249692291054,3.6999999999999993,2.215,-1.4849999999999994,-40.13513513513512,1.5917099942229924,1.3925692578523117,-0.19914073637068075,-12.511119305240845,2.2724324324324314,1.3659142212189614,-0.90651821121347,-39.89197646871837
2010ROSE03,quintile,5,exgaussian,exgaussian,exgaussian,exgaussian,False,False,True,True,0.08105399628578437,0.013319124304034462,True,True,5,16.811350993377484,14.515714285714287,-2.2956367076631974,-13.655277964082247,3.197950815613113,2.424652501704278,-0.773298313908835,-24.1810571361329,10.226889419080575,5.878939754020815,-4.34794966505976,-42.514879030056555,0.1902256883978501,0.16703638925233683,-0.023189299145513265,-12.190414102754456,1.8394283758999797,6.130647235890039,4.291218859990059,233.29089168206883,6.531388802710392,82.37318795742785,75.84179915471745,1161.1894720345642,3.495000000000001,2.045,-1.450000000000001,-41.48783977110159,1.525343579134033,1.328519855595668,-0.19682372353836497,-12.903566529588408,1.7728183118741048,1.6466992665036682,-0.1261190453704366,-7.114042342957977
2013ROGA02,quintile,5,exgaussian,exgaussian,exgaussian,exgaussian,False,False,True,True,0.048273550117331546,0.4409424092252815,False,True,5,14.82133971291866,11.697245222929936,-3.124094489988723,-21.078354254748525,2.67112810603529,1.9857513710313535,-0.6853767350039364,-25.658699538047596,7.134925358851675,3.9432085075529,-3.1917168512987746,-44.73371045625715,0.18022177197025355,0.16976231011543766,-0.010459461854815888,-5.803661644466724,1.3056132726214005,2.743613874199947,1.4380006015785465,110.13985777667071,3.07958029352746,20.773482367773454,17.693902074245994,574.5556338126444,3.219999999999999,2.0699999999999985,-1.1500000000000004,-35.71428571428574,1.5431829615965118,1.4355709483548946,-0.10761201324161718,-6.973380079980039,1.7204968944099366,1.8630434782608702,0.14254658385093366,8.2851985559568
2008AURO01,quintile,5,exgaussian,exgaussian,exgaussian,exgaussian,False,False,True,True,0.061921799131101456,0.21756998045572365,False,True,5,17.908926654740608,14.75375,-3.1551766547406075,-17.617899249732044,3.9911966648101265,2.5840757440146773,-1.4071209207954491,-35.25561476841909,15.929650817191478,6.677447450805008,-9.25220336638647,-58.081645809846485,0.22286074100111583,0.175147046955159,-0.04771369404595682,-21.409645248248513,1.5196879859512733,1.5867881807546844,0.06710019480341112,4.415392858515537,3.413534876204924,5.776548540053017,2.3630136638480934,69.22482850022111,3.995000000000001,3.0725000000000016,-0.9224999999999994,-23.09136420525655,1.6704447632711623,1.5024296246648794,-0.16801513860628292,-10.058108014135462,2.2197747183979986,1.50154597233523,-0.7182287460627685,-32.35592964051375
2014JIME05,quintile,5,exgaussian,exgaussian,exgaussian,exgaussian,False,False,True,True,0.05133839939754912,0.4480649973839947,False,True,5,15.550055555555554,14.04894639556377,-1.5011091599917847,-9.653400623739152,2.4899128216900634,2.0586095178836716,-0.4313033038063918,-17.322024291342,6.199665859616574,4.237873147121243,-1.9617927124953312,-31.643523327185584,0.1601224389709974,0.14653123870795878,-0.013591200263038616,-8.488004773334959,1.722731822040456,1.176127856987707,-0.546603965052749,-31.728906267333855,7.724129771283842,3.3604097462294558,-4.363720025054386,-56.49464929081692,2.5275,2.42,-0.10749999999999993,-4.253214638971313,1.4468085106382977,1.402061855670103,-0.04474665496819474,-3.092783505154637,1.792680514342235,1.4462809917355366,-0.3463995226066985,-19.322992570921002
2010AMBR01,quintile,5,exgaussian,exgaussian,exgaussian,exgaussian,False,False,True,True,0.05541839916839917,0.4264589001844955,False,True,5,14.594687500000001,11.802723492723494,-2.7919640072765066,-19.130001976928295,3.5886353187807227,2.1432371992232784,-1.4453981195574443,-40.27709675578108,12.87830345120042,4.593465692134442,-8.284837759065978,-64.33174828081664,0.2458864102969469,0.18158835971584075,-0.06429805058110616,-26.149493379262417,4.284045587326928,2.857667737590762,-1.4263778497361663,-33.295113711107085,35.225976045209705,18.859447338333627,-16.36652870687608,-46.46153363038388,2.912499999999998,2.1899999999999995,-0.7224999999999984,-24.80686695278966,1.517837282915562,1.4523076923076923,-0.06552959060786967,-4.317300104922717,1.9024892703862664,1.6849315068493151,-0.21755776353695122,-11.435426571040793
2009ZHEN11,quintile,5,exgaussian,exgaussian,exgaussian,exgaussian,False,False,False,True,0.029830192586456823,0.9850908469546714,False,False,5,18.06892938496583,15.145295454545455,-2.923633930420376,-16.18044914632835,3.4691816033879284,2.913846983032223,-0.5553346203557052,-16.007654941251197,12.035220997285238,8.490504240525988,-3.54471675675925,-29.452859715320766,0.19199707572461072,0.19239287815661002,0.0003958024319992981,0.20615023979167982,2.1376794948571476,2.13014663427304,-0.007532860584107404,-0.35238493900652745,8.60295977300778,7.803170032185649,-0.7997897408221313,-9.296681164679066,3.469999999999999,3.0224999999999973,-0.44750000000000156,-12.896253602305524,1.4735262008733625,1.4527922860586582,-0.020733914814704324,-1.4070950894809526,1.8665706051873165,1.8148883374689844,-0.051682267718332175,-2.7688354019239303
2008VIRO01,quintile,5,exgaussian,exgaussian,exgaussian,exgaussian,False,False,True,True,0.16977786698782282,7.778085764052458e-06,True,True,5,16.342269503546103,12.16004716981132,-4.182222333734783,-25.59144146305557,5.018909650397633,1.9691478512750373,-3.049761799122596,-60.76542539236529,25.189454078854496,3.8775432601810964,-21.3119108186734,-84.60648155357947,0.3071121577886463,0.16193587276237445,-0.14517628502627186,-47.271422294581306,8.406759641854052,2.084270988801686,-6.322488653052366,-75.20720137608198,111.28348456293911,10.62315510744409,-100.66032945549502,-90.45396974298023,2.8700000000000028,1.9699999999999989,-0.9000000000000039,-31.358885017421706,1.4552036199095022,1.4375307185687605,-0.01767290134074173,-1.2144624366616676,2.6362369337979024,1.8266497461928943,-0.809587187605008,-30.709955437832132
2009ROTA01,quintile,5,exgaussian,exgaussian,exgaussian,exgaussian,False,False,True,True,0.27799875484228004,9.468634307875382e-15,True,True,5,17.290600961538463,11.926139088729018,-5.364461872809445,-31.02530608821668,10.19539335494572,1.9594337167210343,-8.235959638224685,-80.78118569333544,103.94604566207134,3.8393804902232063,-100.10666517184814,-96.30637176645946,0.5896494504514068,0.1642974060710752,-0.4253520443803316,-72.13642683033163,12.129603705357162,1.5846994999528938,-10.544904205404269,-86.93527390962497,194.3312023363229,4.489208604938317,-189.84199373138458,-97.68991878248714,4.205,2.1900000000000013,-2.014999999999999,-47.919143876337664,1.7809076682316118,1.432138542086186,-0.34876912614542577,-19.58378485122382,2.6022592152199757,1.850228310502281,-0.7520309047176947,-28.899154254858644
2015SANC18,quintile,5,exgaussian,exgaussian,exgaussian,exgaussian,False,False,True,True,0.03271689417599513,0.9716292207458158,False,True,5,13.346246973365618,10.801739130434783,-2.5445078429308357,-19.065343598157387,2.49394425919713,1.659423999243151,-0.8345202599539789,-33.46186495052757,6.219757967982321,2.753688009264133,-3.4660699587181885,-55.7267658413817,0.18686483654724503,0.15362563187325903,-0.033239204673986,-17.787832793026382,1.2587767030913306,1.0662628307716016,-0.19251387231972905,-15.293726984853578,4.09069460849967,2.237443044287142,-1.8532515642125285,-45.304080152105,3.0,2.1050000000000004,-0.8949999999999996,-29.833333333333318,1.546325878594249,1.4223802644738304,-0.12394561412041871,-8.015491161093195,1.5499999999999978,1.4529691211401408,-0.09703087885985706,-6.260056700635948
2020DWOR01,quintile,5,exgaussian,exgaussian,exgaussian,exgaussian,False,False,True,True,0.08759124087591241,0.08540006477566084,False,True,5,15.02934306569343,12.126301703163017,-2.903041362530413,-19.315823385235042,3.648180676763632,2.0868917127988005,-1.5612889639648313,-42.796371734249725,13.309222250311551,4.355117020948311,-8.95410522936324,-67.27744913233856,0.24273720154083864,0.1720963047005879,-0.07064089684025074,-29.101800791901262,2.4443663211898237,2.3439627133821714,-0.10040360780765223,-4.1075515947535886,9.071991733441525,17.735654192195614,8.66366245875409,95.49901183020002,3.634999999999998,2.4499999999999993,-1.1849999999999987,-32.5997248968363,1.5664395229982964,1.455005055611729,-0.11143446738656726,-7.113869750507338,1.896836313617607,1.4489795918367354,-0.44785672178087155,-23.610720575394748
2011EDUA01,quintile,5,exgaussian,exgaussian,exgaussian,exgaussian,False,False,True,True,0.3716171589914634,5.257357570272788e-53,True,True,5,15.969542253521126,13.102497069167644,-2.8670451843534828,-17.95320829387785,14.156487840168387,2.2580468993315,-11.898440940836887,-84.04938481334054,200.4061479688354,5.098775799580602,-195.3073721692548,-97.45577875167108,0.8864679785700821,0.1723371421043902,-0.7141308364656919,-80.55912381828176,17.898352669815555,2.080793519381716,-15.817559150433839,-88.37438529809035,376.88335926556675,11.169531258290874,-365.7138280072759,-97.03634268171008,3.0625,2.540000000000001,-0.5224999999999991,-17.061224489795887,1.5025389025389024,1.4499255398361879,-0.05261336270271455,-3.5016306475533887,2.1678367346938767,1.6267716535433043,-0.5410650811505724,-24.95875600276591
2003BRUC01,quintile,5,exgaussian,exgaussian,exgaussian,exgaussian,False,False,True,True,0.0366719191971378,0.8287707121690537,False,True,5,16.827877697841725,15.468707360861758,-1.3591703369799664,-8.076896928923412,3.3564745811407626,2.8966483575632336,-0.459826223577529,-13.699678411425603,11.265921613844057,8.390571707373779,-2.8753499064702783,-25.522544937086394,0.19945917372404307,0.18725859181305643,-0.012200581910986635,-6.116831671962332,3.153571919344942,2.18569508229631,-0.9678768370486317,-30.691446455093956,26.344509286831787,10.111128692195676,-16.23338059463611,-61.61959753317671,3.587500000000002,2.8200000000000003,-0.7675000000000018,-21.393728222996554,1.486822840409956,1.4312647289866456,-0.05555811142331035,-3.7367001577667134,1.5567944250871073,1.9148936170212754,0.35809919193416806,23.002342901769534
2010GRAC02,quintile,5,exgaussian,exgaussian,exgaussian,exgaussian,False,False,True,True,0.08718752812333423,0.030034373428098043,True,True,5,29.135232774674115,18.450167286245357,-10.685065488428759,-36.67403508001756,8.25132207813589,3.317260116922187,-4.934061961213704,-59.79722903179159,68.0843160371328,11.004214683322603,-57.08010135381019,-83.8373720647778,0.2832076936522153,0.17979566610191183,-0.10341202755030349,-36.514554465916284,3.4891029606902864,1.9989410192353192,-1.4901619414549672,-42.709027456161756,18.68315951054167,8.913503939793037,-9.769655570748634,-52.291238884067035,6.48,3.4475000000000016,-3.032499999999999,-46.797839506172814,1.585195780439836,1.4864667154352598,-0.09872906500457623,-6.22819378040373,1.954012345679011,1.7221174764321958,-0.23189486924681524,-11.867625594055944
2003DENN01,quintile,5,exgaussian,exgaussian,exgaussian,exgaussian,False,False,True,True,0.0613107822410148,0.3365928112552244,False,True,5,22.32615221987315,23.408541226215643,1.082389006342492,4.848076801066627,5.944173581752166,4.877049828378574,-1.0671237533735916,-17.952432557648077,35.33319957000037,23.78561502848748,-11.547584541512887,-32.681966767927115,0.26624263434256645,0.20834488493954842,-0.057897749403018034,-21.746235176039736,2.8458864521969365,1.814108685476177,-1.0317777667207595,-36.25505739781919,15.13572571797436,5.061780588773489,-10.07394512920087,-66.55739749061127,5.190000000000001,4.799999999999997,-0.3900000000000041,-7.514450867052101,1.6900665290204175,1.561440677966102,-0.12862585105431545,-7.610697498924407,2.4624277456647388,2.2008333333333323,-0.26159441233140646,-10.623435054773084
2015NICH04,quintile,5,exgaussian,exgaussian,exgaussian,exgaussian,False,False,True,True,0.08026620953917515,0.1196266249914332,False,True,5,23.549004739336493,19.310756501182034,-4.238248238154458,-17.997568411351356,6.579283108972131,3.239406489258971,-3.33987661971316,-50.76353402635295,43.286966228005994,10.493754402653131,-32.79321182535286,-75.75770418425897,0.27938688627388275,0.16775140264757019,-0.11163548362631256,-39.95730977755212,3.130698679300458,2.3255927315969407,-0.8051059477035172,-25.716494309296316,15.569437829044482,11.106141883631416,-4.463295945413066,-28.66703341778259,5.642499999999998,3.224999999999998,-2.4175000000000004,-42.844483828090404,1.647208121827411,1.382690173837998,-0.2645179479894131,-16.058562636029087,2.263535666814356,1.7941085271317823,-0.46942713968257355,-20.73866767662794
2013DICK01,quintile,5,exgaussian,exgaussian,exgaussian,exgaussian,False,False,True,True,0.04234376024657355,0.8522881884153117,False,True,5,16.958384615384617,15.710332480818414,-1.248052134566203,-7.359498931484149,3.6519593931931036,2.8981019680781057,-0.7538574251149979,-20.64254675230274,13.33680740953134,8.398995017378189,-4.937812392153152,-37.023946140395445,0.21534830563284033,0.18447107797473755,-0.030877227658102774,-14.33827285864377,1.8676015656811653,2.0455775954232904,0.17797602974212512,9.529657343011083,6.048137974032041,7.524173498983396,1.4760355249513548,24.404792537617055,3.737499999999999,2.9899999999999984,-0.7475000000000005,-20.000000000000018,1.6423518673461626,1.4523437499999998,-0.19000811734616274,-11.569269723740282,1.990501672240802,1.747491638795988,-0.24301003344481398,-12.208481752805868
2013MART03,quintile,5,lognormal,lognormal,lognormal,exgaussian,False,True,True,True,0.04872014260249554,0.7411978653985822,False,True,5,34.022433155080215,20.614880000000003,-13.407553155080212,-39.40797853570976,7.556334076819684,3.297466119070386,-4.258867957749297,-56.361562557352855,57.09818468050638,10.873282806417112,-46.22490187408927,-80.95686777564173,0.22209857955709952,0.1599556300628665,-0.06214294949423302,-27.979895061983783,0.5284665505597983,0.5011628069137534,-0.02730374364604493,-5.1665982675956315,-0.1667186538779033,0.45142174214458874,0.618140396022492,370.7685862646109,11.205000000000005,4.235000000000003,-6.970000000000002,-62.20437304774653,1.7846876727473742,1.4948080173871046,-0.2898796553602696,-16.242598623098274,1.2958054439982132,1.3851239669421485,0.08931852294393527,6.892896102391929
2007OEYM01,quintile,5,exgaussian,exgaussian,exgaussian,exgaussian,False,False,True,True,0.09433611884865367,0.07298374843718453,False,True,5,35.39459610027855,24.989,-10.405596100278547,-29.398827071787544,12.526558190571441,4.410470966962352,-8.116087223609089,-64.79103916762986,156.91466010177245,19.452254150417826,-137.46240595135464,-87.60329077104626,0.3539116015078036,0.17649649713723445,-0.17741510437056915,-50.12977919195374,2.9059852861915547,1.4331747066818907,-1.472810579509664,-50.681969606248735,13.939500281414361,4.044019689991362,-9.895480591422999,-70.98877572115492,10.655000000000008,4.792499999999997,-5.862500000000011,-55.021116846550974,1.9767610164039886,1.4876325088339226,-0.489128507570066,-24.74393735565773,2.5075551384326564,1.7279081898800217,-0.7796469485526347,-31.091916448942055
2013PAPA01,quintile,5,exgaussian,exgaussian,exgaussian,exgaussian,False,False,True,True,0.06400495750708216,0.43759326035806806,False,True,5,17.682954545454546,15.35385269121813,-2.3291018542364164,-13.1714519100832,3.4715884388167746,2.261689181897283,-1.2098992569194915,-34.85146002306261,12.05192628852629,5.115237955511201,-6.9366883330150895,-57.55667738873391,0.1963240039945223,0.14730434291524047,-0.04901966107928182,-24.968755772039746,1.9735513426742997,1.8521689153913807,-0.12138242728291893,-6.150457029328524,7.9578090599389775,9.738191482874688,1.7803824229357108,22.372771318408123,3.334999999999999,2.5,-0.8349999999999991,-25.037481259370292,1.5407339835800997,1.407727975270479,-0.13300600830962073,-8.632639360661315,2.175562218890555,1.6935999999999987,-0.4819622188905561,-22.153455998897453
2012REYE04,quintile,5,exgaussian,exgaussian,exgaussian,exgaussian,False,False,True,False,0.05700156168662155,0.6118967514796179,False,True,5,15.140737463126843,14.071823529411763,-1.0689139337150806,-7.059853830226379,2.206701811865792,2.123132369922256,-0.08356944194353622,-3.787074515195928,4.86953288649177,4.5076910602116955,-0.36184182628007466,-7.430729696555387,0.14574599270609553,0.15087826858293527,0.005132275876839731,3.5213838689817263,1.079942736449917,1.2981500253453866,0.2182072888954696,20.205449930871318,2.5287537426942617,3.464537768860919,0.9357840261666572,37.00573964033468,2.8049999999999997,2.34,-0.46499999999999986,-16.57754010695187,1.4013819095477384,1.401050936520044,-0.000330973027694359,-0.023617618112479588,1.4638146167557926,1.5869658119658134,0.12315119521002083,8.413032210523832
